"","Observation Number","Cluster_Membership"
"1",1,2
"2",2,2
"3",3,2
"4",4,2
"5",5,2
"6",6,2
"7",7,2
"8",8,2
"9",9,2
"10",10,3
"11",11,5
"12",12,5
"13",13,5
"14",14,2
"15",15,5
"16",16,5
"17",17,1
"18",18,5
"19",19,5
"20",20,5
"21",21,5
"22",22,2
"23",23,5
"24",24,2
"25",25,2
"26",26,2
"27",27,3
"28",28,2
"29",29,2
"30",30,2
"31",31,2
"32",32,5
"33",33,2
"34",34,2
"35",35,2
"36",36,1
"37",37,1
"38",38,5
"39",39,5
"40",40,3
"41",41,3
"42",42,3
"43",43,1
"44",44,1
"45",45,1
"46",46,1
"47",47,5
"48",48,5
"49",49,5
"50",50,1
"51",51,5
"52",52,5
"53",53,1
"54",54,4
"55",55,1
"56",56,2
"57",57,2
"58",58,2
"59",59,2
"60",60,2
"61",61,2
"62",62,2
"63",63,2
"64",64,2
"65",65,3
"66",66,2
"67",67,2
"68",68,5
"69",69,2
"70",70,3
"71",71,2
"72",72,2
"73",73,1
"74",74,2
"75",75,1
"76",76,3
"77",77,2
"78",78,2
"79",79,3
"80",80,2
"81",81,2
"82",82,2
"83",83,1
"84",84,3
"85",85,3
"86",86,2
"87",87,3
"88",88,2
"89",89,3
"90",90,2
"91",91,1
"92",92,3
"93",93,5
"94",94,3
"95",95,1
"96",96,2
"97",97,5
"98",98,3
"99",99,2
"100",100,3
"101",101,3
"102",102,2
"103",103,2
"104",104,2
"105",105,2
"106",106,2
"107",107,1
"108",108,2
"109",109,2
"110",110,2
"111",111,2
"112",112,2
"113",113,2
"114",114,2
"115",115,2
"116",116,2
"117",117,2
"118",118,2
"119",119,5
"120",120,2
"121",121,2
"122",122,2
"123",123,3
"124",124,5
"125",125,2
"126",126,2
"127",127,2
"128",128,2
"129",129,2
"130",130,2
"131",131,2
"132",132,2
"133",133,2
"134",134,1
"135",135,1
"136",136,2
"137",137,2
"138",138,2
"139",139,2
"140",140,2
"141",141,5
"142",142,3
"143",143,2
"144",144,2
"145",145,3
"146",146,2
"147",147,2
"148",148,2
"149",149,1
"150",150,2
"151",151,3
"152",152,5
"153",153,3
"154",154,1
"155",155,5
"156",156,5
"157",157,1
"158",158,5
"159",159,5
"160",160,3
"161",161,1
"162",162,4
"163",163,3
"164",164,1
"165",165,1
"166",166,1
"167",167,1
"168",168,1
"169",169,3
"170",170,3
"171",171,5
"172",172,3
"173",173,3
"174",174,2
"175",175,1
"176",176,3
"177",177,1
"178",178,3
"179",179,5
"180",180,2
"181",181,5
"182",182,1
"183",183,2
"184",184,2
"185",185,2
"186",186,2
"187",187,2
"188",188,1
"189",189,2
"190",190,3
"191",191,3
"192",192,1
"193",193,3
"194",194,2
"195",195,3
"196",196,1
"197",197,2
"198",198,2
"199",199,2
"200",200,2
"201",201,2
"202",202,5
"203",203,2
"204",204,2
"205",205,1
"206",206,5
"207",207,2
"208",208,2
"209",209,3
"210",210,5
"211",211,2
"212",212,1
"213",213,2
"214",214,1
"215",215,2
"216",216,1
"217",217,4
"218",218,2
"219",219,1
"220",220,5
"221",221,2
"222",222,1
"223",223,5
"224",224,4
"225",225,1
"226",226,1
"227",227,3
"228",228,1
"229",229,1
"230",230,1
"231",231,1
"232",232,1
"233",233,5
"234",234,1
"235",235,1
"236",236,1
"237",237,1
"238",238,1
"239",239,1
"240",240,1
"241",241,1
"242",242,1
"243",243,1
"244",244,5
"245",245,5
"246",246,3
"247",247,1
"248",248,1
"249",249,1
"250",250,1
"251",251,5
"252",252,2
"253",253,1
"254",254,2
"255",255,1
"256",256,1
"257",257,5
"258",258,1
"259",259,1
"260",260,5
"261",261,5
"262",262,3
"263",263,1
"264",264,5
"265",265,5
"266",266,5
"267",267,5
"268",268,5
"269",269,1
"270",270,3
"271",271,5
"272",272,5
"273",273,3
"274",274,2
"275",275,3
"276",276,2
"277",277,5
"278",278,5
"279",279,3
"280",280,1
"281",281,5
"282",282,2
"283",283,5
"284",284,5
"285",285,5
"286",286,5
"287",287,5
"288",288,5
"289",289,5
"290",290,1
"291",291,5
"292",292,5
"293",293,5
"294",294,5
"295",295,5
"296",296,5
"297",297,5
"298",298,5
"299",299,5
"300",300,5
"301",301,5
"302",302,5
"303",303,5
"304",304,5
"305",305,5
"306",306,3
"307",307,5
"308",308,3
"309",309,5
"310",310,2
"311",311,5
"312",312,3
"313",313,5
"314",314,5
"315",315,5
"316",316,5
"317",317,2
"318",318,1
"319",319,2
"320",320,3
"321",321,5
"322",322,5
"323",323,1
"324",324,5
"325",325,4
"326",326,5
"327",327,5
"328",328,3
"329",329,2
"330",330,5
"331",331,5
"332",332,1
"333",333,5
"334",334,5
"335",335,5
"336",336,3
"337",337,5
"338",338,3
"339",339,3
"340",340,5
"341",341,2
"342",342,2
"343",343,2
"344",344,3
"345",345,2
"346",346,2
"347",347,1
"348",348,3
"349",349,2
"350",350,2
"351",351,2
"352",352,2
"353",353,2
"354",354,2
"355",355,2
"356",356,2
"357",357,2
"358",358,2
"359",359,2
"360",360,3
"361",361,2
"362",362,2
"363",363,2
"364",364,3
"365",365,3
"366",366,3
"367",367,2
"368",368,3
"369",369,2
"370",370,2
"371",371,2
"372",372,2
"373",373,3
"374",374,1
"375",375,3
"376",376,2
"377",377,3
"378",378,3
"379",379,3
"380",380,2
"381",381,2
"382",382,2
"383",383,2
"384",384,2
"385",385,2
"386",386,1
"387",387,5
"388",388,3
"389",389,2
"390",390,1
"391",391,2
"392",392,2
"393",393,2
"394",394,2
"395",395,2
"396",396,2
"397",397,2
"398",398,2
"399",399,2
"400",400,5
"401",401,2
"402",402,2
"403",403,2
"404",404,2
"405",405,3
"406",406,3
"407",407,2
"408",408,5
"409",409,1
"410",410,2
"411",411,2
"412",412,3
"413",413,2
"414",414,5
"415",415,5
"416",416,2
"417",417,1
"418",418,5
"419",419,3
"420",420,3
"421",421,2
"422",422,3
"423",423,2
"424",424,2
"425",425,3
"426",426,2
"427",427,2
"428",428,2
"429",429,2
"430",430,2
"431",431,2
"432",432,2
"433",433,2
"434",434,2
"435",435,2
"436",436,2
"437",437,2
"438",438,2
"439",439,1
"440",440,1
"441",441,2
"442",442,2
"443",443,2
"444",444,3
"445",445,2
"446",446,5
"447",447,3
"448",448,2
"449",449,2
"450",450,3
"451",451,5
"452",452,1
"453",453,5
"454",454,3
"455",455,3
"456",456,3
"457",457,3
"458",458,3
"459",459,3
"460",460,1
"461",461,2
"462",462,4
"463",463,1
"464",464,3
"465",465,3
"466",466,5
"467",467,3
"468",468,5
"469",469,5
"470",470,3
"471",471,3
"472",472,1
"473",473,1
"474",474,1
"475",475,5
"476",476,2
"477",477,3
"478",478,3
"479",479,3
"480",480,3
"481",481,5
"482",482,3
"483",483,3
"484",484,2
"485",485,3
"486",486,1
"487",487,5
"488",488,2
"489",489,2
"490",490,1
"491",491,1
"492",492,3
"493",493,5
"494",494,1
"495",495,3
"496",496,2
"497",497,2
"498",498,2
"499",499,2
"500",500,2
"501",501,3
"502",502,2
"503",503,1
"504",504,3
"505",505,4
"506",506,2
"507",507,1
"508",508,1
"509",509,1
"510",510,1
"511",511,3
"512",512,1
"513",513,1
"514",514,3
"515",515,1
"516",516,1
"517",517,1
"518",518,1
"519",519,2
"520",520,5
"521",521,1
"522",522,4
"523",523,4
"524",524,5
"525",525,5
"526",526,1
"527",527,4
"528",528,4
"529",529,1
"530",530,1
"531",531,1
"532",532,1
"533",533,4
"534",534,4
"535",535,1
"536",536,4
"537",537,2
"538",538,1
"539",539,1
"540",540,1
"541",541,1
"542",542,1
"543",543,1
"544",544,5
"545",545,1
"546",546,1
"547",547,1
"548",548,1
"549",549,1
"550",550,1
"551",551,1
"552",552,3
"553",553,1
"554",554,4
"555",555,1
"556",556,1
"557",557,4
"558",558,5
"559",559,5
"560",560,5
"561",561,5
"562",562,5
"563",563,5
"564",564,5
"565",565,5
"566",566,5
"567",567,3
"568",568,5
"569",569,3
"570",570,1
"571",571,5
"572",572,1
"573",573,5
"574",574,5
"575",575,3
"576",576,5
"577",577,5
"578",578,5
"579",579,3
"580",580,3
"581",581,5
"582",582,3
"583",583,5
"584",584,5
"585",585,4
"586",586,3
"587",587,1
"588",588,5
"589",589,5
"590",590,4
"591",591,5
"592",592,5
"593",593,3
"594",594,5
"595",595,5
"596",596,5
"597",597,5
"598",598,5
"599",599,1
"600",600,5
"601",601,2
"602",602,2
"603",603,5
"604",604,5
"605",605,5
"606",606,5
"607",607,5
"608",608,5
"609",609,5
"610",610,5
"611",611,5
"612",612,4
"613",613,5
"614",614,5
"615",615,5
"616",616,5
"617",617,5
"618",618,5
"619",619,5
"620",620,5
"621",621,5
"622",622,5
"623",623,5
"624",624,1
"625",625,5
"626",626,5
"627",627,5
"628",628,5
"629",629,5
"630",630,5
"631",631,5
"632",632,5
"633",633,5
"634",634,5
"635",635,5
"636",636,5
"637",637,3
"638",638,3
"639",639,5
"640",640,5
"641",641,1
"642",642,5
"643",643,5
"644",644,5
"645",645,3
"646",646,5
"647",647,5
"648",648,5
"649",649,5
"650",650,3
"651",651,5
"652",652,5
"653",653,3
"654",654,5
"655",655,5
"656",656,3
"657",657,5
"658",658,5
"659",659,5
"660",660,3
"661",661,4
"662",662,1
"663",663,1
"664",664,3
"665",665,5
"666",666,4
"667",667,4
"668",668,2
"669",669,2
"670",670,2
"671",671,1
"672",672,2
"673",673,3
"674",674,1
"675",675,2
"676",676,2
"677",677,2
"678",678,3
"679",679,1
"680",680,2
"681",681,1
"682",682,2
"683",683,2
"684",684,2
"685",685,3
"686",686,2
"687",687,2
"688",688,2
"689",689,1
"690",690,3
"691",691,2
"692",692,3
"693",693,2
"694",694,2
"695",695,3
"696",696,1
"697",697,2
"698",698,1
"699",699,2
"700",700,2
"701",701,2
"702",702,2
"703",703,1
"704",704,2
"705",705,2
"706",706,2
"707",707,2
"708",708,2
"709",709,1
"710",710,2
"711",711,2
"712",712,2
"713",713,2
"714",714,2
"715",715,2
"716",716,2
"717",717,2
"718",718,5
"719",719,2
"720",720,2
"721",721,3
"722",722,2
"723",723,2
"724",724,2
"725",725,2
"726",726,2
"727",727,1
"728",728,3
"729",729,2
"730",730,2
"731",731,2
"732",732,2
"733",733,2
"734",734,2
"735",735,2
"736",736,2
"737",737,2
"738",738,2
"739",739,2
"740",740,3
"741",741,2
"742",742,2
"743",743,3
"744",744,3
"745",745,5
"746",746,2
"747",747,2
"748",748,5
"749",749,3
"750",750,5
"751",751,5
"752",752,5
"753",753,3
"754",754,3
"755",755,3
"756",756,3
"757",757,1
"758",758,1
"759",759,3
"760",760,2
"761",761,4
"762",762,4
"763",763,1
"764",764,3
"765",765,3
"766",766,3
"767",767,1
"768",768,1
"769",769,3
"770",770,3
"771",771,1
"772",772,3
"773",773,5
"774",774,3
"775",775,3
"776",776,2
"777",777,3
"778",778,5
"779",779,3
"780",780,1
"781",781,2
"782",782,2
"783",783,2
"784",784,4
"785",785,5
"786",786,1
"787",787,3
"788",788,1
"789",789,3
"790",790,1
"791",791,1
"792",792,3
"793",793,5
"794",794,3
"795",795,5
"796",796,3
"797",797,5
"798",798,3
"799",799,4
"800",800,2
"801",801,2
"802",802,4
"803",803,3
"804",804,4
"805",805,5
"806",806,3
"807",807,1
"808",808,3
"809",809,1
"810",810,2
"811",811,5
"812",812,2
"813",813,3
"814",814,3
"815",815,2
"816",816,2
"817",817,5
"818",818,1
"819",819,3
"820",820,3
"821",821,1
"822",822,1
"823",823,1
"824",824,3
"825",825,3
"826",826,2
"827",827,3
"828",828,1
"829",829,5
"830",830,3
"831",831,1
"832",832,2
"833",833,1
"834",834,1
"835",835,1
"836",836,2
"837",837,1
"838",838,2
"839",839,1
"840",840,1
"841",841,1
"842",842,1
"843",843,1
"844",844,4
"845",845,5
"846",846,4
"847",847,1
"848",848,1
"849",849,1
"850",850,5
"851",851,2
"852",852,1
"853",853,1
"854",854,4
"855",855,1
"856",856,1
"857",857,5
"858",858,4
"859",859,1
"860",860,1
"861",861,1
"862",862,5
"863",863,4
"864",864,4
"865",865,1
"866",866,3
"867",867,1
"868",868,1
"869",869,1
"870",870,1
"871",871,4
"872",872,3
"873",873,4
"874",874,3
"875",875,1
"876",876,1
"877",877,5
"878",878,5
"879",879,1
"880",880,1
"881",881,1
"882",882,4
"883",883,1
"884",884,1
"885",885,1
"886",886,3
"887",887,5
"888",888,1
"889",889,3
"890",890,4
"891",891,1
"892",892,1
"893",893,2
"894",894,1
"895",895,4
"896",896,5
"897",897,4
"898",898,4
"899",899,3
"900",900,5
"901",901,5
"902",902,5
"903",903,5
"904",904,3
"905",905,1
"906",906,5
"907",907,5
"908",908,5
"909",909,3
"910",910,1
"911",911,5
"912",912,1
"913",913,1
"914",914,3
"915",915,3
"916",916,5
"917",917,5
"918",918,4
"919",919,5
"920",920,1
"921",921,1
"922",922,1
"923",923,1
"924",924,5
"925",925,5
"926",926,1
"927",927,3
"928",928,3
"929",929,3
"930",930,3
"931",931,1
"932",932,1
"933",933,1
"934",934,5
"935",935,5
"936",936,5
"937",937,5
"938",938,5
"939",939,5
"940",940,2
"941",941,5
"942",942,1
"943",943,4
"944",944,1
"945",945,5
"946",946,5
"947",947,5
"948",948,5
"949",949,5
"950",950,5
"951",951,5
"952",952,5
"953",953,5
"954",954,5
"955",955,1
"956",956,5
"957",957,5
"958",958,1
"959",959,4
"960",960,3
"961",961,5
"962",962,5
"963",963,3
"964",964,5
"965",965,5
"966",966,5
"967",967,3
"968",968,5
"969",969,3
"970",970,3
"971",971,3
"972",972,3
"973",973,1
"974",974,5
"975",975,2
"976",976,1
"977",977,1
"978",978,5
"979",979,5
"980",980,5
"981",981,5
"982",982,5
"983",983,5
"984",984,3
"985",985,5
"986",986,5
"987",987,4
"988",988,1
"989",989,1
"990",990,1
"991",991,4
"992",992,1
"993",993,3
"994",994,3
"995",995,5
"996",996,1
"997",997,3
"998",998,2
"999",999,3
"1000",1000,5
"1001",1001,2
"1002",1002,3
"1003",1003,2
"1004",1004,3
"1005",1005,3
"1006",1006,3
"1007",1007,2
"1008",1008,1
"1009",1009,2
"1010",1010,3
"1011",1011,3
"1012",1012,2
"1013",1013,1
"1014",1014,2
"1015",1015,2
"1016",1016,2
"1017",1017,2
"1018",1018,2
"1019",1019,2
"1020",1020,2
"1021",1021,5
"1022",1022,2
"1023",1023,2
"1024",1024,2
"1025",1025,1
"1026",1026,5
"1027",1027,2
"1028",1028,2
"1029",1029,1
"1030",1030,2
"1031",1031,3
"1032",1032,2
"1033",1033,3
"1034",1034,2
"1035",1035,3
"1036",1036,3
"1037",1037,3
"1038",1038,3
"1039",1039,1
"1040",1040,3
"1041",1041,3
"1042",1042,1
"1043",1043,2
"1044",1044,1
"1045",1045,2
"1046",1046,3
"1047",1047,2
"1048",1048,1
"1049",1049,1
"1050",1050,1
"1051",1051,2
"1052",1052,2
"1053",1053,2
"1054",1054,2
"1055",1055,1
"1056",1056,1
"1057",1057,3
"1058",1058,2
"1059",1059,2
"1060",1060,1
"1061",1061,1
"1062",1062,3
"1063",1063,3
"1064",1064,2
"1065",1065,3
"1066",1066,3
"1067",1067,3
"1068",1068,2
"1069",1069,2
"1070",1070,2
"1071",1071,2
"1072",1072,2
"1073",1073,1
"1074",1074,2
"1075",1075,2
"1076",1076,2
"1077",1077,2
"1078",1078,5
"1079",1079,2
"1080",1080,3
"1081",1081,2
"1082",1082,2
"1083",1083,2
"1084",1084,2
"1085",1085,3
"1086",1086,2
"1087",1087,5
"1088",1088,2
"1089",1089,2
"1090",1090,1
"1091",1091,2
"1092",1092,2
"1093",1093,2
"1094",1094,1
"1095",1095,2
"1096",1096,3
"1097",1097,2
"1098",1098,2
"1099",1099,2
"1100",1100,3
"1101",1101,2
"1102",1102,3
"1103",1103,2
"1104",1104,2
"1105",1105,2
"1106",1106,3
"1107",1107,2
"1108",1108,2
"1109",1109,2
"1110",1110,1
"1111",1111,2
"1112",1112,2
"1113",1113,2
"1114",1114,2
"1115",1115,3
"1116",1116,2
"1117",1117,2
"1118",1118,2
"1119",1119,2
"1120",1120,2
"1121",1121,2
"1122",1122,3
"1123",1123,1
"1124",1124,3
"1125",1125,2
"1126",1126,2
"1127",1127,2
"1128",1128,2
"1129",1129,3
"1130",1130,2
"1131",1131,2
"1132",1132,2
"1133",1133,2
"1134",1134,3
"1135",1135,2
"1136",1136,3
"1137",1137,2
"1138",1138,2
"1139",1139,2
"1140",1140,3
"1141",1141,5
"1142",1142,5
"1143",1143,1
"1144",1144,2
"1145",1145,4
"1146",1146,1
"1147",1147,3
"1148",1148,3
"1149",1149,3
"1150",1150,3
"1151",1151,1
"1152",1152,1
"1153",1153,3
"1154",1154,1
"1155",1155,3
"1156",1156,4
"1157",1157,3
"1158",1158,3
"1159",1159,3
"1160",1160,3
"1161",1161,3
"1162",1162,1
"1163",1163,1
"1164",1164,3
"1165",1165,1
"1166",1166,4
"1167",1167,5
"1168",1168,3
"1169",1169,1
"1170",1170,3
"1171",1171,3
"1172",1172,5
"1173",1173,1
"1174",1174,3
"1175",1175,4
"1176",1176,1
"1177",1177,3
"1178",1178,4
"1179",1179,1
"1180",1180,1
"1181",1181,3
"1182",1182,4
"1183",1183,3
"1184",1184,3
"1185",1185,1
"1186",1186,1
"1187",1187,2
"1188",1188,3
"1189",1189,3
"1190",1190,4
"1191",1191,3
"1192",1192,3
"1193",1193,1
"1194",1194,3
"1195",1195,1
"1196",1196,4
"1197",1197,3
"1198",1198,3
"1199",1199,5
"1200",1200,5
"1201",1201,5
"1202",1202,1
"1203",1203,3
"1204",1204,5
"1205",1205,5
"1206",1206,1
"1207",1207,1
"1208",1208,1
"1209",1209,3
"1210",1210,3
"1211",1211,3
"1212",1212,1
"1213",1213,1
"1214",1214,3
"1215",1215,5
"1216",1216,3
"1217",1217,1
"1218",1218,5
"1219",1219,5
"1220",1220,3
"1221",1221,2
"1222",1222,1
"1223",1223,3
"1224",1224,1
"1225",1225,3
"1226",1226,3
"1227",1227,1
"1228",1228,1
"1229",1229,3
"1230",1230,4
"1231",1231,3
"1232",1232,1
"1233",1233,3
"1234",1234,3
"1235",1235,3
"1236",1236,1
"1237",1237,3
"1238",1238,1
"1239",1239,1
"1240",1240,1
"1241",1241,4
"1242",1242,2
"1243",1243,4
"1244",1244,1
"1245",1245,3
"1246",1246,3
"1247",1247,3
"1248",1248,4
"1249",1249,3
"1250",1250,3
"1251",1251,3
"1252",1252,3
"1253",1253,3
"1254",1254,2
"1255",1255,2
"1256",1256,2
"1257",1257,2
"1258",1258,2
"1259",1259,5
"1260",1260,2
"1261",1261,1
"1262",1262,1
"1263",1263,1
"1264",1264,2
"1265",1265,3
"1266",1266,1
"1267",1267,3
"1268",1268,1
"1269",1269,1
"1270",1270,5
"1271",1271,1
"1272",1272,4
"1273",1273,1
"1274",1274,3
"1275",1275,2
"1276",1276,2
"1277",1277,3
"1278",1278,2
"1279",1279,2
"1280",1280,2
"1281",1281,2
"1282",1282,1
"1283",1283,2
"1284",1284,2
"1285",1285,1
"1286",1286,3
"1287",1287,1
"1288",1288,1
"1289",1289,2
"1290",1290,1
"1291",1291,2
"1292",1292,3
"1293",1293,3
"1294",1294,2
"1295",1295,3
"1296",1296,1
"1297",1297,3
"1298",1298,5
"1299",1299,3
"1300",1300,3
"1301",1301,1
"1302",1302,3
"1303",1303,3
"1304",1304,3
"1305",1305,1
"1306",1306,3
"1307",1307,1
"1308",1308,1
"1309",1309,1
"1310",1310,4
"1311",1311,1
"1312",1312,5
"1313",1313,5
"1314",1314,5
"1315",1315,5
"1316",1316,1
"1317",1317,3
"1318",1318,2
"1319",1319,1
"1320",1320,5
"1321",1321,1
"1322",1322,1
"1323",1323,4
"1324",1324,1
"1325",1325,1
"1326",1326,1
"1327",1327,1
"1328",1328,1
"1329",1329,1
"1330",1330,3
"1331",1331,1
"1332",1332,2
"1333",1333,1
"1334",1334,1
"1335",1335,5
"1336",1336,1
"1337",1337,5
"1338",1338,1
"1339",1339,1
"1340",1340,1
"1341",1341,4
"1342",1342,3
"1343",1343,1
"1344",1344,2
"1345",1345,3
"1346",1346,1
"1347",1347,5
"1348",1348,1
"1349",1349,4
"1350",1350,1
"1351",1351,3
"1352",1352,1
"1353",1353,4
"1354",1354,1
"1355",1355,1
"1356",1356,5
"1357",1357,1
"1358",1358,1
"1359",1359,1
"1360",1360,1
"1361",1361,1
"1362",1362,1
"1363",1363,1
"1364",1364,1
"1365",1365,1
"1366",1366,1
"1367",1367,1
"1368",1368,2
"1369",1369,1
"1370",1370,4
"1371",1371,1
"1372",1372,1
"1373",1373,1
"1374",1374,2
"1375",1375,1
"1376",1376,3
"1377",1377,4
"1378",1378,4
"1379",1379,1
"1380",1380,1
"1381",1381,1
"1382",1382,4
"1383",1383,1
"1384",1384,4
"1385",1385,1
"1386",1386,1
"1387",1387,4
"1388",1388,3
"1389",1389,5
"1390",1390,1
"1391",1391,1
"1392",1392,1
"1393",1393,1
"1394",1394,1
"1395",1395,1
"1396",1396,5
"1397",1397,1
"1398",1398,1
"1399",1399,1
"1400",1400,1
"1401",1401,1
"1402",1402,5
"1403",1403,1
"1404",1404,2
"1405",1405,5
"1406",1406,1
"1407",1407,1
"1408",1408,3
"1409",1409,1
"1410",1410,4
"1411",1411,4
"1412",1412,1
"1413",1413,5
"1414",1414,1
"1415",1415,1
"1416",1416,4
"1417",1417,1
"1418",1418,1
"1419",1419,1
"1420",1420,1
"1421",1421,1
"1422",1422,5
"1423",1423,1
"1424",1424,1
"1425",1425,1
"1426",1426,1
"1427",1427,1
"1428",1428,1
"1429",1429,1
"1430",1430,1
"1431",1431,4
"1432",1432,2
"1433",1433,1
"1434",1434,1
"1435",1435,1
"1436",1436,1
"1437",1437,1
"1438",1438,1
"1439",1439,1
"1440",1440,3
"1441",1441,4
"1442",1442,1
"1443",1443,2
"1444",1444,1
"1445",1445,5
"1446",1446,3
"1447",1447,1
"1448",1448,1
"1449",1449,1
"1450",1450,5
"1451",1451,3
"1452",1452,5
"1453",1453,5
"1454",1454,5
"1455",1455,5
"1456",1456,5
"1457",1457,3
"1458",1458,5
"1459",1459,5
"1460",1460,5
"1461",1461,5
"1462",1462,5
"1463",1463,5
"1464",1464,4
"1465",1465,1
"1466",1466,1
"1467",1467,5
"1468",1468,3
"1469",1469,3
"1470",1470,5
"1471",1471,4
"1472",1472,1
"1473",1473,3
"1474",1474,3
"1475",1475,2
"1476",1476,3
"1477",1477,1
"1478",1478,3
"1479",1479,2
"1480",1480,1
"1481",1481,1
"1482",1482,4
"1483",1483,1
"1484",1484,3
"1485",1485,1
"1486",1486,1
"1487",1487,3
"1488",1488,1
"1489",1489,3
"1490",1490,3
"1491",1491,1
"1492",1492,5
"1493",1493,5
"1494",1494,5
"1495",1495,5
"1496",1496,1
"1497",1497,5
"1498",1498,5
"1499",1499,5
"1500",1500,5
"1501",1501,5
"1502",1502,5
"1503",1503,5
"1504",1504,5
"1505",1505,1
"1506",1506,5
"1507",1507,5
"1508",1508,5
"1509",1509,3
"1510",1510,5
"1511",1511,5
"1512",1512,5
"1513",1513,5
"1514",1514,5
"1515",1515,5
"1516",1516,5
"1517",1517,5
"1518",1518,5
"1519",1519,1
"1520",1520,3
"1521",1521,1
"1522",1522,5
"1523",1523,1
"1524",1524,5
"1525",1525,5
"1526",1526,5
"1527",1527,1
"1528",1528,5
"1529",1529,1
"1530",1530,5
"1531",1531,5
"1532",1532,5
"1533",1533,5
"1534",1534,3
"1535",1535,3
"1536",1536,3
"1537",1537,3
"1538",1538,5
"1539",1539,3
"1540",1540,3
"1541",1541,3
"1542",1542,5
"1543",1543,1
"1544",1544,1
"1545",1545,5
"1546",1546,1
"1547",1547,5
"1548",1548,3
"1549",1549,2
"1550",1550,3
"1551",1551,3
"1552",1552,5
"1553",1553,1
"1554",1554,3
"1555",1555,3
"1556",1556,1
"1557",1557,1
"1558",1558,5
"1559",1559,3
"1560",1560,3
"1561",1561,2
"1562",1562,3
"1563",1563,2
"1564",1564,3
"1565",1565,2
"1566",1566,2
"1567",1567,2
"1568",1568,2
"1569",1569,3
"1570",1570,1
"1571",1571,1
"1572",1572,1
"1573",1573,2
"1574",1574,1
"1575",1575,2
"1576",1576,3
"1577",1577,3
"1578",1578,2
"1579",1579,2
"1580",1580,3
"1581",1581,4
"1582",1582,1
"1583",1583,1
"1584",1584,3
"1585",1585,1
"1586",1586,3
"1587",1587,3
"1588",1588,3
"1589",1589,2
"1590",1590,3
"1591",1591,2
"1592",1592,2
"1593",1593,2
"1594",1594,1
"1595",1595,1
"1596",1596,1
"1597",1597,1
"1598",1598,1
"1599",1599,2
"1600",1600,3
"1601",1601,1
"1602",1602,2
"1603",1603,3
"1604",1604,1
"1605",1605,3
"1606",1606,1
"1607",1607,3
"1608",1608,2
"1609",1609,3
"1610",1610,2
"1611",1611,3
"1612",1612,4
"1613",1613,3
"1614",1614,3
"1615",1615,1
"1616",1616,3
"1617",1617,3
"1618",1618,2
"1619",1619,2
"1620",1620,1
"1621",1621,2
"1622",1622,2
"1623",1623,3
"1624",1624,3
"1625",1625,2
"1626",1626,2
"1627",1627,3
"1628",1628,3
"1629",1629,2
"1630",1630,3
"1631",1631,3
"1632",1632,3
"1633",1633,1
"1634",1634,2
"1635",1635,1
"1636",1636,2
"1637",1637,2
"1638",1638,2
"1639",1639,3
"1640",1640,2
"1641",1641,1
"1642",1642,3
"1643",1643,2
"1644",1644,5
"1645",1645,2
"1646",1646,2
"1647",1647,2
"1648",1648,3
"1649",1649,2
"1650",1650,2
"1651",1651,1
"1652",1652,2
"1653",1653,2
"1654",1654,1
"1655",1655,5
"1656",1656,4
"1657",1657,2
"1658",1658,2
"1659",1659,2
"1660",1660,2
"1661",1661,2
"1662",1662,2
"1663",1663,4
"1664",1664,1
"1665",1665,5
"1666",1666,3
"1667",1667,3
"1668",1668,2
"1669",1669,3
"1670",1670,3
"1671",1671,2
"1672",1672,2
"1673",1673,2
"1674",1674,1
"1675",1675,3
"1676",1676,3
"1677",1677,1
"1678",1678,3
"1679",1679,3
"1680",1680,2
"1681",1681,3
"1682",1682,1
"1683",1683,2
"1684",1684,1
"1685",1685,2
"1686",1686,3
"1687",1687,2
"1688",1688,3
"1689",1689,2
"1690",1690,1
"1691",1691,5
"1692",1692,3
"1693",1693,1
"1694",1694,2
"1695",1695,2
"1696",1696,2
"1697",1697,2
"1698",1698,2
"1699",1699,1
"1700",1700,2
"1701",1701,2
"1702",1702,1
"1703",1703,1
"1704",1704,3
"1705",1705,3
"1706",1706,3
"1707",1707,1
"1708",1708,1
"1709",1709,3
"1710",1710,4
"1711",1711,5
"1712",1712,3
"1713",1713,4
"1714",1714,4
"1715",1715,3
"1716",1716,3
"1717",1717,1
"1718",1718,1
"1719",1719,1
"1720",1720,3
"1721",1721,3
"1722",1722,4
"1723",1723,5
"1724",1724,5
"1725",1725,3
"1726",1726,3
"1727",1727,3
"1728",1728,1
"1729",1729,1
"1730",1730,3
"1731",1731,1
"1732",1732,3
"1733",1733,1
"1734",1734,4
"1735",1735,3
"1736",1736,4
"1737",1737,5
"1738",1738,1
"1739",1739,1
"1740",1740,4
"1741",1741,4
"1742",1742,1
"1743",1743,4
"1744",1744,3
"1745",1745,3
"1746",1746,1
"1747",1747,3
"1748",1748,3
"1749",1749,4
"1750",1750,3
"1751",1751,3
"1752",1752,5
"1753",1753,3
"1754",1754,4
"1755",1755,4
"1756",1756,4
"1757",1757,1
"1758",1758,3
"1759",1759,5
"1760",1760,4
"1761",1761,4
"1762",1762,3
"1763",1763,3
"1764",1764,1
"1765",1765,4
"1766",1766,1
"1767",1767,3
"1768",1768,3
"1769",1769,4
"1770",1770,3
"1771",1771,3
"1772",1772,4
"1773",1773,3
"1774",1774,1
"1775",1775,5
"1776",1776,4
"1777",1777,1
"1778",1778,3
"1779",1779,1
"1780",1780,3
"1781",1781,3
"1782",1782,3
"1783",1783,3
"1784",1784,4
"1785",1785,3
"1786",1786,1
"1787",1787,4
"1788",1788,3
"1789",1789,1
"1790",1790,4
"1791",1791,3
"1792",1792,4
"1793",1793,3
"1794",1794,4
"1795",1795,3
"1796",1796,4
"1797",1797,3
"1798",1798,3
"1799",1799,3
"1800",1800,1
"1801",1801,3
"1802",1802,1
"1803",1803,1
"1804",1804,4
"1805",1805,1
"1806",1806,3
"1807",1807,5
"1808",1808,1
"1809",1809,4
"1810",1810,4
"1811",1811,1
"1812",1812,4
"1813",1813,1
"1814",1814,3
"1815",1815,3
"1816",1816,3
"1817",1817,2
"1818",1818,3
"1819",1819,4
"1820",1820,3
"1821",1821,5
"1822",1822,1
"1823",1823,4
"1824",1824,4
"1825",1825,4
"1826",1826,3
"1827",1827,4
"1828",1828,4
"1829",1829,4
"1830",1830,4
"1831",1831,4
"1832",1832,3
"1833",1833,3
"1834",1834,1
"1835",1835,4
"1836",1836,1
"1837",1837,3
"1838",1838,4
"1839",1839,4
"1840",1840,3
"1841",1841,3
"1842",1842,3
"1843",1843,3
"1844",1844,4
"1845",1845,4
"1846",1846,4
"1847",1847,5
"1848",1848,4
"1849",1849,3
"1850",1850,3
"1851",1851,4
"1852",1852,4
"1853",1853,5
"1854",1854,3
"1855",1855,1
"1856",1856,3
"1857",1857,3
"1858",1858,5
"1859",1859,4
"1860",1860,4
"1861",1861,3
"1862",1862,3
"1863",1863,2
"1864",1864,4
"1865",1865,3
"1866",1866,2
"1867",1867,3
"1868",1868,1
"1869",1869,5
"1870",1870,1
"1871",1871,3
"1872",1872,5
"1873",1873,3
"1874",1874,3
"1875",1875,3
"1876",1876,3
"1877",1877,3
"1878",1878,3
"1879",1879,2
"1880",1880,5
"1881",1881,3
"1882",1882,3
"1883",1883,3
"1884",1884,5
"1885",1885,3
"1886",1886,3
"1887",1887,3
"1888",1888,4
"1889",1889,4
"1890",1890,1
"1891",1891,3
"1892",1892,1
"1893",1893,4
"1894",1894,4
"1895",1895,4
"1896",1896,1
"1897",1897,1
"1898",1898,3
"1899",1899,4
"1900",1900,3
"1901",1901,3
"1902",1902,1
"1903",1903,1
"1904",1904,4
"1905",1905,3
"1906",1906,3
"1907",1907,3
"1908",1908,1
"1909",1909,3
"1910",1910,3
"1911",1911,3
"1912",1912,3
"1913",1913,4
"1914",1914,3
"1915",1915,3
"1916",1916,1
"1917",1917,1
"1918",1918,3
"1919",1919,4
"1920",1920,4
"1921",1921,3
"1922",1922,4
"1923",1923,3
"1924",1924,3
"1925",1925,3
"1926",1926,3
"1927",1927,3
"1928",1928,3
"1929",1929,4
"1930",1930,3
"1931",1931,4
"1932",1932,1
"1933",1933,4
"1934",1934,2
"1935",1935,4
"1936",1936,3
"1937",1937,3
"1938",1938,3
"1939",1939,4
"1940",1940,1
"1941",1941,3
"1942",1942,4
"1943",1943,4
"1944",1944,3
"1945",1945,4
"1946",1946,4
"1947",1947,1
"1948",1948,3
"1949",1949,3
"1950",1950,4
"1951",1951,3
"1952",1952,4
"1953",1953,4
"1954",1954,4
"1955",1955,4
"1956",1956,4
"1957",1957,3
"1958",1958,1
"1959",1959,3
"1960",1960,1
"1961",1961,1
"1962",1962,2
"1963",1963,3
"1964",1964,3
"1965",1965,3
"1966",1966,5
"1967",1967,3
"1968",1968,1
"1969",1969,1
"1970",1970,1
"1971",1971,1
"1972",1972,1
"1973",1973,3
"1974",1974,1
"1975",1975,1
"1976",1976,4
"1977",1977,1
"1978",1978,4
"1979",1979,3
"1980",1980,4
"1981",1981,4
"1982",1982,1
"1983",1983,1
"1984",1984,4
"1985",1985,4
"1986",1986,3
"1987",1987,3
"1988",1988,1
"1989",1989,3
"1990",1990,1
"1991",1991,3
"1992",1992,3
"1993",1993,3
"1994",1994,1
"1995",1995,1
"1996",1996,2
"1997",1997,2
"1998",1998,3
"1999",1999,1
"2000",2000,1
"2001",2001,2
"2002",2002,1
"2003",2003,1
"2004",2004,3
"2005",2005,1
"2006",2006,3
"2007",2007,4
"2008",2008,4
"2009",2009,1
"2010",2010,1
"2011",2011,1
"2012",2012,3
"2013",2013,3
"2014",2014,1
"2015",2015,1
"2016",2016,4
"2017",2017,4
"2018",2018,3
"2019",2019,4
"2020",2020,4
"2021",2021,3
"2022",2022,1
"2023",2023,5
"2024",2024,2
"2025",2025,2
"2026",2026,5
"2027",2027,2
"2028",2028,2
"2029",2029,3
"2030",2030,1
"2031",2031,3
"2032",2032,1
"2033",2033,5
"2034",2034,2
"2035",2035,4
"2036",2036,4
"2037",2037,3
"2038",2038,1
"2039",2039,4
"2040",2040,3
"2041",2041,4
"2042",2042,1
"2043",2043,1
"2044",2044,1
"2045",2045,2
"2046",2046,2
"2047",2047,1
"2048",2048,4
"2049",2049,4
"2050",2050,3
"2051",2051,3
"2052",2052,1
"2053",2053,3
"2054",2054,3
"2055",2055,3
"2056",2056,3
"2057",2057,3
"2058",2058,1
"2059",2059,1
"2060",2060,3
"2061",2061,4
"2062",2062,4
"2063",2063,1
"2064",2064,1
"2065",2065,4
"2066",2066,1
"2067",2067,1
"2068",2068,1
"2069",2069,1
"2070",2070,1
"2071",2071,1
"2072",2072,4
"2073",2073,1
"2074",2074,3
"2075",2075,3
"2076",2076,1
"2077",2077,5
"2078",2078,4
"2079",2079,1
"2080",2080,3
"2081",2081,4
"2082",2082,1
"2083",2083,1
"2084",2084,1
"2085",2085,1
"2086",2086,4
"2087",2087,1
"2088",2088,5
"2089",2089,1
"2090",2090,1
"2091",2091,1
"2092",2092,1
"2093",2093,1
"2094",2094,4
"2095",2095,4
"2096",2096,1
"2097",2097,1
"2098",2098,4
"2099",2099,1
"2100",2100,4
"2101",2101,1
"2102",2102,4
"2103",2103,1
"2104",2104,4
"2105",2105,1
"2106",2106,1
"2107",2107,1
"2108",2108,1
"2109",2109,4
"2110",2110,1
"2111",2111,4
"2112",2112,1
"2113",2113,3
"2114",2114,1
"2115",2115,1
"2116",2116,1
"2117",2117,1
"2118",2118,5
"2119",2119,4
"2120",2120,1
"2121",2121,1
"2122",2122,4
"2123",2123,1
"2124",2124,4
"2125",2125,1
"2126",2126,1
"2127",2127,1
"2128",2128,1
"2129",2129,4
"2130",2130,4
"2131",2131,4
"2132",2132,1
"2133",2133,1
"2134",2134,4
"2135",2135,1
"2136",2136,1
"2137",2137,1
"2138",2138,1
"2139",2139,1
"2140",2140,5
"2141",2141,4
"2142",2142,3
"2143",2143,1
"2144",2144,4
"2145",2145,1
"2146",2146,1
"2147",2147,4
"2148",2148,4
"2149",2149,1
"2150",2150,4
"2151",2151,1
"2152",2152,1
"2153",2153,2
"2154",2154,4
"2155",2155,5
"2156",2156,4
"2157",2157,4
"2158",2158,1
"2159",2159,3
"2160",2160,1
"2161",2161,1
"2162",2162,1
"2163",2163,1
"2164",2164,3
"2165",2165,1
"2166",2166,4
"2167",2167,4
"2168",2168,1
"2169",2169,1
"2170",2170,4
"2171",2171,4
"2172",2172,1
"2173",2173,1
"2174",2174,4
"2175",2175,1
"2176",2176,4
"2177",2177,4
"2178",2178,4
"2179",2179,1
"2180",2180,1
"2181",2181,1
"2182",2182,3
"2183",2183,1
"2184",2184,1
"2185",2185,1
"2186",2186,3
"2187",2187,1
"2188",2188,1
"2189",2189,3
"2190",2190,1
"2191",2191,4
"2192",2192,4
"2193",2193,1
"2194",2194,1
"2195",2195,1
"2196",2196,1
"2197",2197,1
"2198",2198,3
"2199",2199,1
"2200",2200,4
"2201",2201,4
"2202",2202,1
"2203",2203,4
"2204",2204,1
"2205",2205,1
"2206",2206,4
"2207",2207,1
"2208",2208,1
"2209",2209,3
"2210",2210,4
"2211",2211,4
"2212",2212,4
"2213",2213,1
"2214",2214,4
"2215",2215,4
"2216",2216,4
"2217",2217,4
"2218",2218,4
"2219",2219,4
"2220",2220,3
"2221",2221,4
"2222",2222,4
"2223",2223,4
"2224",2224,4
"2225",2225,4
"2226",2226,1
"2227",2227,1
"2228",2228,1
"2229",2229,2
"2230",2230,4
"2231",2231,1
"2232",2232,4
"2233",2233,1
"2234",2234,1
"2235",2235,4
"2236",2236,3
"2237",2237,1
"2238",2238,4
"2239",2239,3
"2240",2240,4
"2241",2241,1
"2242",2242,4
"2243",2243,1
"2244",2244,4
"2245",2245,1
"2246",2246,4
"2247",2247,4
"2248",2248,4
"2249",2249,3
"2250",2250,5
"2251",2251,1
"2252",2252,4
"2253",2253,4
"2254",2254,4
"2255",2255,1
"2256",2256,4
"2257",2257,1
"2258",2258,4
"2259",2259,1
"2260",2260,1
"2261",2261,4
"2262",2262,4
"2263",2263,4
"2264",2264,1
"2265",2265,4
"2266",2266,4
"2267",2267,4
"2268",2268,1
"2269",2269,1
"2270",2270,4
"2271",2271,4
"2272",2272,3
"2273",2273,1
"2274",2274,1
"2275",2275,1
"2276",2276,2
"2277",2277,4
"2278",2278,1
"2279",2279,4
"2280",2280,4
"2281",2281,1
"2282",2282,4
"2283",2283,4
"2284",2284,1
"2285",2285,1
"2286",2286,1
"2287",2287,4
"2288",2288,4
"2289",2289,1
"2290",2290,4
"2291",2291,4
"2292",2292,4
"2293",2293,4
"2294",2294,1
"2295",2295,4
"2296",2296,4
"2297",2297,4
"2298",2298,4
"2299",2299,4
"2300",2300,4
"2301",2301,4
"2302",2302,4
"2303",2303,4
"2304",2304,4
"2305",2305,1
"2306",2306,1
"2307",2307,4
"2308",2308,2
"2309",2309,4
"2310",2310,4
"2311",2311,1
"2312",2312,4
"2313",2313,4
"2314",2314,4
"2315",2315,1
"2316",2316,4
"2317",2317,4
"2318",2318,4
"2319",2319,4
"2320",2320,4
"2321",2321,4
"2322",2322,1
"2323",2323,1
"2324",2324,1
"2325",2325,4
"2326",2326,4
"2327",2327,4
"2328",2328,4
"2329",2329,1
"2330",2330,1
"2331",2331,1
"2332",2332,1
"2333",2333,4
"2334",2334,4
"2335",2335,1
"2336",2336,4
"2337",2337,4
"2338",2338,4
"2339",2339,4
"2340",2340,3
"2341",2341,1
"2342",2342,4
"2343",2343,4
"2344",2344,4
"2345",2345,4
"2346",2346,1
"2347",2347,4
"2348",2348,4
"2349",2349,4
"2350",2350,4
"2351",2351,1
"2352",2352,1
"2353",2353,1
"2354",2354,1
"2355",2355,1
"2356",2356,1
"2357",2357,4
"2358",2358,1
"2359",2359,1
"2360",2360,4
"2361",2361,4
"2362",2362,1
"2363",2363,1
"2364",2364,2
"2365",2365,3
"2366",2366,1
"2367",2367,1
"2368",2368,1
"2369",2369,1
"2370",2370,1
"2371",2371,1
"2372",2372,1
"2373",2373,1
"2374",2374,2
"2375",2375,1
"2376",2376,4
"2377",2377,1
"2378",2378,1
"2379",2379,4
"2380",2380,4
"2381",2381,4
"2382",2382,1
"2383",2383,1
"2384",2384,1
"2385",2385,1
"2386",2386,4
"2387",2387,1
"2388",2388,4
"2389",2389,1
"2390",2390,1
"2391",2391,1
"2392",2392,4
"2393",2393,1
"2394",2394,1
"2395",2395,1
"2396",2396,1
"2397",2397,1
"2398",2398,4
"2399",2399,1
"2400",2400,4
"2401",2401,1
"2402",2402,1
"2403",2403,1
"2404",2404,1
"2405",2405,1
"2406",2406,1
"2407",2407,1
"2408",2408,4
"2409",2409,2
"2410",2410,4
"2411",2411,3
"2412",2412,4
"2413",2413,1
"2414",2414,2
"2415",2415,5
"2416",2416,4
"2417",2417,1
"2418",2418,4
"2419",2419,1
"2420",2420,1
"2421",2421,1
"2422",2422,4
"2423",2423,1
"2424",2424,1
"2425",2425,1
"2426",2426,4
"2427",2427,1
"2428",2428,4
"2429",2429,1
"2430",2430,1
"2431",2431,1
"2432",2432,1
"2433",2433,5
"2434",2434,1
"2435",2435,3
"2436",2436,1
"2437",2437,4
"2438",2438,1
"2439",2439,1
"2440",2440,1
"2441",2441,4
"2442",2442,4
"2443",2443,4
"2444",2444,1
"2445",2445,4
"2446",2446,1
"2447",2447,4
"2448",2448,1
"2449",2449,3
"2450",2450,4
"2451",2451,4
"2452",2452,4
"2453",2453,1
"2454",2454,1
"2455",2455,1
"2456",2456,1
"2457",2457,4
"2458",2458,1
"2459",2459,1
"2460",2460,1
"2461",2461,4
"2462",2462,1
"2463",2463,1
"2464",2464,3
"2465",2465,1
"2466",2466,1
"2467",2467,1
"2468",2468,1
"2469",2469,4
"2470",2470,1
"2471",2471,4
"2472",2472,4
"2473",2473,4
"2474",2474,1
"2475",2475,4
"2476",2476,1
"2477",2477,1
"2478",2478,4
"2479",2479,4
"2480",2480,4
"2481",2481,4
"2482",2482,4
"2483",2483,4
"2484",2484,1
"2485",2485,4
"2486",2486,4
"2487",2487,1
"2488",2488,4
"2489",2489,4
"2490",2490,4
"2491",2491,5
"2492",2492,1
"2493",2493,1
"2494",2494,4
"2495",2495,4
"2496",2496,4
"2497",2497,4
"2498",2498,1
"2499",2499,4
"2500",2500,4
"2501",2501,1
"2502",2502,1
"2503",2503,4
"2504",2504,1
"2505",2505,1
"2506",2506,1
"2507",2507,4
"2508",2508,1
"2509",2509,4
"2510",2510,4
"2511",2511,4
"2512",2512,1
"2513",2513,4
"2514",2514,4
"2515",2515,4
"2516",2516,1
"2517",2517,4
"2518",2518,4
"2519",2519,4
"2520",2520,4
"2521",2521,4
"2522",2522,1
"2523",2523,3
"2524",2524,4
"2525",2525,1
"2526",2526,5
"2527",2527,4
"2528",2528,1
"2529",2529,4
"2530",2530,4
"2531",2531,4
"2532",2532,1
"2533",2533,1
"2534",2534,4
"2535",2535,4
"2536",2536,1
"2537",2537,1
"2538",2538,1
"2539",2539,1
"2540",2540,1
"2541",2541,1
"2542",2542,1
"2543",2543,1
"2544",2544,3
"2545",2545,4
"2546",2546,4
"2547",2547,4
"2548",2548,3
"2549",2549,5
"2550",2550,5
"2551",2551,1
"2552",2552,1
"2553",2553,5
"2554",2554,1
"2555",2555,1
"2556",2556,5
"2557",2557,3
"2558",2558,5
"2559",2559,5
"2560",2560,1
"2561",2561,5
"2562",2562,1
"2563",2563,4
"2564",2564,1
"2565",2565,1
"2566",2566,4
"2567",2567,4
"2568",2568,1
"2569",2569,1
"2570",2570,4
"2571",2571,3
"2572",2572,5
"2573",2573,1
"2574",2574,1
"2575",2575,5
"2576",2576,1
"2577",2577,1
"2578",2578,3
"2579",2579,4
"2580",2580,1
"2581",2581,3
"2582",2582,3
"2583",2583,1
"2584",2584,4
"2585",2585,1
"2586",2586,3
"2587",2587,4
"2588",2588,5
"2589",2589,1
"2590",2590,1
"2591",2591,4
"2592",2592,3
"2593",2593,3
"2594",2594,1
"2595",2595,3
"2596",2596,2
"2597",2597,4
"2598",2598,3
"2599",2599,4
"2600",2600,4
"2601",2601,4
"2602",2602,3
"2603",2603,4
"2604",2604,4
"2605",2605,4
"2606",2606,4
"2607",2607,5
"2608",2608,4
"2609",2609,3
"2610",2610,5
"2611",2611,2
"2612",2612,1
"2613",2613,4
"2614",2614,5
"2615",2615,4
"2616",2616,5
"2617",2617,3
"2618",2618,1
"2619",2619,1
"2620",2620,1
"2621",2621,5
"2622",2622,3
"2623",2623,1
"2624",2624,5
"2625",2625,5
"2626",2626,1
"2627",2627,1
"2628",2628,5
"2629",2629,5
"2630",2630,3
"2631",2631,3
"2632",2632,3
"2633",2633,5
"2634",2634,3
"2635",2635,3
"2636",2636,1
"2637",2637,3
"2638",2638,3
"2639",2639,1
"2640",2640,4
"2641",2641,5
"2642",2642,3
"2643",2643,5
"2644",2644,5
"2645",2645,3
"2646",2646,4
"2647",2647,1
"2648",2648,3
"2649",2649,5
"2650",2650,3
"2651",2651,3
"2652",2652,5
"2653",2653,3
"2654",2654,1
"2655",2655,4
"2656",2656,3
"2657",2657,3
"2658",2658,3
"2659",2659,1
"2660",2660,1
"2661",2661,5
"2662",2662,4
"2663",2663,5
"2664",2664,3
"2665",2665,1
"2666",2666,5
"2667",2667,4
"2668",2668,1
"2669",2669,1
"2670",2670,4
"2671",2671,5
"2672",2672,1
"2673",2673,3
"2674",2674,1
"2675",2675,1
"2676",2676,3
"2677",2677,5
"2678",2678,4
"2679",2679,3
"2680",2680,3
"2681",2681,1
"2682",2682,3
"2683",2683,4
"2684",2684,4
"2685",2685,1
"2686",2686,5
"2687",2687,4
"2688",2688,3
"2689",2689,4
"2690",2690,1
"2691",2691,1
"2692",2692,3
"2693",2693,1
"2694",2694,3
"2695",2695,1
"2696",2696,3
"2697",2697,2
"2698",2698,1
"2699",2699,1
"2700",2700,3
"2701",2701,4
"2702",2702,1
"2703",2703,3
"2704",2704,3
"2705",2705,4
"2706",2706,4
"2707",2707,3
"2708",2708,4
"2709",2709,3
"2710",2710,4
"2711",2711,3
"2712",2712,4
"2713",2713,4
"2714",2714,4
"2715",2715,3
"2716",2716,3
"2717",2717,4
"2718",2718,3
"2719",2719,3
"2720",2720,3
"2721",2721,3
"2722",2722,2
"2723",2723,4
"2724",2724,2
"2725",2725,1
"2726",2726,1
"2727",2727,4
"2728",2728,1
"2729",2729,3
"2730",2730,4
"2731",2731,3
"2732",2732,4
"2733",2733,3
"2734",2734,4
"2735",2735,4
"2736",2736,3
"2737",2737,3
"2738",2738,4
"2739",2739,5
"2740",2740,4
"2741",2741,3
"2742",2742,1
"2743",2743,1
"2744",2744,1
"2745",2745,2
"2746",2746,3
"2747",2747,2
"2748",2748,1
"2749",2749,1
"2750",2750,1
"2751",2751,1
"2752",2752,1
"2753",2753,1
"2754",2754,1
"2755",2755,4
"2756",2756,1
"2757",2757,1
"2758",2758,3
"2759",2759,4
"2760",2760,3
"2761",2761,3
"2762",2762,1
"2763",2763,4
"2764",2764,1
"2765",2765,1
"2766",2766,3
"2767",2767,1
"2768",2768,4
"2769",2769,1
"2770",2770,4
"2771",2771,4
"2772",2772,4
"2773",2773,4
"2774",2774,4
"2775",2775,4
"2776",2776,3
"2777",2777,4
"2778",2778,4
"2779",2779,1
"2780",2780,4
"2781",2781,1
"2782",2782,1
"2783",2783,5
"2784",2784,1
"2785",2785,1
"2786",2786,1
"2787",2787,1
"2788",2788,1
"2789",2789,4
"2790",2790,1
"2791",2791,4
"2792",2792,4
"2793",2793,1
"2794",2794,1
"2795",2795,4
"2796",2796,4
"2797",2797,1
"2798",2798,1
"2799",2799,1
"2800",2800,1
"2801",2801,4
"2802",2802,1
"2803",2803,4
"2804",2804,1
"2805",2805,3
"2806",2806,4
"2807",2807,2
"2808",2808,5
"2809",2809,2
"2810",2810,4
"2811",2811,1
"2812",2812,1
"2813",2813,4
